_id,comments,name,__v
ObjectId("5e4d921bd3fca5169c7e239e"),"["Hakam"]",firstblog,0
ObjectId("5e4d95273147bf0ac4d014f9"),"["Hakam"]",secondblog,0
ObjectId("5e4d95463147bf0ac4d014fa"),"["moti"]",thirdblog,0
ObjectId("5e4d9603aad3ca27f4ca157e"),"["moti","Hakam"]",forthblog,0
ObjectId("5e4eab8f4b45ac391c790cdd"),"["suresh","rakesh","ram","shyam"]",forthblog,0
ObjectId("5e4eabcb4b45ac391c790cde"),"["uchit","kavi","ramesh"]",fifthblog,0
ObjectId("5e4eabf64b45ac391c790cdf"),"["ramesh","madhav","rakesh"]",sixthblog,0
ObjectId("5e4eac274b45ac391c790ce0"),"["neha","shyam","suresh"]",seventhblog,0
ObjectId("5e4eac4b4b45ac391c790ce1"),"["ram","rakesh","suresh"]",eighthblog,0
ObjectId("5e4eac6a4b45ac391c790ce2"),"["shyam","rakesh","ruchi","suresh"]",ninethblog,0
ObjectId("5e4eac7e4b45ac391c790ce3"),"["ramesh","rakesh","ruchi","uchit"]",tenthblog,0
ObjectId("5e4ed7b3b4e7783e70009e19"),"["moti","neha","ruchi"]",eleventhblog,0
